Date,Value
2022-03-23,-0.027720928621369
2022-03-22,0.0045186080787334
2022-03-21,-0.015836071857574
2022-03-20,-0.013237181697461
2022-03-19,0.10634573754633
2022-03-18,-0.10111574778867
2022-03-17,0.03071537859385
2022-03-16,0.16208373295632
2022-03-15,-0.081649296414319
2022-03-14,-0.015050857630592
2022-03-13,-0.012578180529608
2022-03-12,0.11352320270223
2022-03-11,-0.054837521328633
2022-03-10,0.0064527486423985
2022-03-09,0.0020464385526336
2022-03-08,0.010419729631135
2022-03-07,0.10786327153007
2022-03-06,0.041956843802906
2022-03-05,-0.14556045115131
2022-03-04,-0.11063245385081
2022-03-03,0.052810611933486
2022-03-02,-0.13811342593073
2022-03-01,0.17812494907585
2022-02-28,0.15116550846696
2022-02-27,-0.02182128398718
2022-02-26,0.028279757281375
2022-02-25,0.076901770855223
2022-02-24,-0.15251062153343
2022-02-23,-0.019012316456104
2022-02-22,0.22770024449513
2022-02-21,-0.14634344162735
2022-02-20,-0.064756861572656
2022-02-19,0.098481303361923
2022-02-18,-0.19468326115883
2022-02-17,-0.031945988981234
2022-02-16,-0.09509766276777
2022-02-15,0.18836931174295
2022-02-14,-0.032639431058228
2022-02-13,-0.15604843495826
2022-02-12,0.26402670715223
2022-02-11,-0.049311524545451
2022-02-10,0.048898104190444
2022-02-09,-0.086075061247504
2022-02-08,0.16451518015657
2022-02-07,-0.090072152323649
2022-02-06,0.30154708907781
2022-02-05,-0.011246857566101
2022-02-04,-0.081606262856085
2022-02-03,-0.059293794786514
2022-02-02,-0.021576215188314
2022-02-01,0.10414513675643
2022-01-31,-0.039572372804358
2022-01-30,-0.0044430476193372
2022-01-29,-0.012416446642415
2022-01-28,0.19536207294792
2022-01-27,-0.035910093088911
2022-01-26,-0.10641634699505
2022-01-25,0.037204112813817
2022-01-24,0.074434638117832
2022-01-23,0.04565275116433
2022-01-22,-0.086980200254248
2022-01-21,-0.29131263031787
2022-01-20,-0.0054467121945996
2022-01-19,0.29519651115575
2022-01-18,-0.17452194906701
2022-01-17,-0.078005194932684
2022-01-16,0.053967361824256
2022-01-15,0.054901352439835
2022-01-14,-0.13928794653699
2022-01-13,0.31867286112327
2022-01-12,-0.10048426234042
2022-01-11,0.11111298069101
2022-01-10,0.015275528207924
2022-01-09,-0.018787827792161
2022-01-08,-0.014850775182972
2022-01-07,-0.04838858114104
2022-01-06,-0.078351704653661
2022-01-05,0.010106988727374
2022-01-04,0.031580957603438
2022-01-03,-0.12957822142834
2022-01-02,-0.038726103163164
2022-01-01,0.12078931249755
2021-12-31,0.26625804926523
2021-12-30,-0.19544372796439
2021-12-29,0.012904418929885
2021-12-28,-0.090209138067288
2021-12-27,0.11717655884867
2021-12-26,-0.094427889038019
2021-12-25,-0.042123609582581
2021-12-24,0.038872183855483
2021-12-23,0.033738988601526
2021-12-22,-0.052826022117592
2021-12-21,0.13673259429828
2021-12-20,-0.045389564467842
2021-12-19,0.19311134436279
2021-12-18,-0.17014463663772
2021-12-17,0.26238885631824
2021-12-16,-0.17498536542242
2021-12-15,-0.032307331011482
2021-12-14,0.02242801912339
2021-12-13,0.00029792388166691
2021-12-12,-0.052313235275042
2021-12-11,-0.030899920840618
2021-12-10,-0.059523731548775
2021-12-09,-0.048997960183115
2021-12-08,0.06975033437249
2021-12-07,-0.064064559623873
2021-12-06,0.020022711334395
2021-12-05,0.077108043237027
2021-12-04,-0.19688780898343
2021-12-03,0.073863921344417
2021-12-02,0.11324739747251
2021-12-01,0.031388156726754
2021-11-30,-0.064013480877247
2021-11-29,0.090890063145039
2021-11-28,-0.02971185177637
2021-11-27,0.057136107893751
2021-11-26,-0.03202291601712
2021-11-25,-0.15768381360715
2021-11-24,0.18240628334996
2021-11-23,-0.058446562804705
2021-11-22,0.024293842071015
2021-11-21,-0.070962489349468
2021-11-20,0.085950111662488
2021-11-19,-0.077314863771872
2021-11-18,-0.047805474339746
2021-11-17,-0.035580450707894
2021-11-16,-0.071829992543472
2021-11-15,-0.034777586115166
2021-11-14,0.043551814835844
2021-11-13,0.082421127154262
2021-11-12,-0.11136789576636
2021-11-11,0.025732262919527
2021-11-10,-0.034816101878018
2021-11-09,0.14963946094749
2021-11-08,-0.045969584689434
2021-11-07,0.010960147346295
2021-11-06,-0.020947783378912
2021-11-05,0.077683867154926
2021-11-04,-0.1239574229034
2021-11-03,0.021949932242685
2021-11-02,0.090610908252382
2021-11-01,0.074082181618342
2021-10-31,-0.11134121375769
2021-10-30,-0.11709208339619
2021-10-29,0.17295880540538
2021-10-28,-0.013041660766811
2021-10-27,-0.0047798428971566
2021-10-26,-0.20228546508381
2021-10-25,0.26999772272423
2021-10-24,0.046284625064638
2021-10-23,-0.11392692514203
2021-10-22,0.03944032349027
2021-10-21,-0.01514904932163
2021-10-20,-0.0010070854572395
2021-10-19,0.062413434886036
2021-10-18,-0.054940313078967
2021-10-17,0.18565729207146
2021-10-16,-0.050362242845998
2021-10-15,0.055904546117518
2021-10-14,-0.13988344177567
2021-10-13,0.23793000928958
2021-10-12,-0.080750961162691
2021-10-11,-0.049036420068994
2021-10-10,0.066969083823201
2021-10-09,0.24229054476268
2021-10-08,-0.1505704848375
2021-10-07,0.12430890928791
2021-10-06,-0.15619305891724
2021-10-05,0.093149431646576
2021-10-04,0.048491206207628
2021-10-03,-0.19920925874768
2021-10-02,0.38777306955214
2021-10-01,-0.1261897388293
2021-09-30,0.35605846673533
2021-09-29,-0.14592241953177
2021-09-28,-0.065244570376378
2021-09-27,0.13482132583355
2021-09-26,-0.015381689674412
2021-09-25,-0.046671480821204
2021-09-24,-0.11840764520955
2021-09-23,0.27528627514875
2021-09-22,0.082780861143404
2021-09-21,-0.28314743685591
2021-09-20,-0.034048903622843
2021-09-19,0.006573141185063
2021-09-18,0.062597611735142
2021-09-17,0.08571934106026
2021-09-16,-0.036698361095317
2021-09-15,-0.13024071456095
2021-09-14,0.090972390821864
2021-09-13,0.057730204502748
2021-09-12,0.0097621812705378
2021-09-11,0.067759710418142
2021-09-10,-0.015051769038108
2021-09-09,-0.033555250031375
2021-09-08,-0.16910532847746
2021-09-07,-0.12214670318348
2021-09-06,0.098431084400946
2021-09-05,0.060739637676828
2021-09-04,0.043144133663149
2021-09-03,-0.0040257831694159
2021-09-02,0.13540516853551
2021-09-01,-0.035292908721335
2021-08-31,0.048100755577571
2021-08-30,-0.15123835665588
2021-08-29,0.11216610693348
2021-08-28,-0.0088870135224514
2021-08-27,-0.0067536585820674
2021-08-26,-0.092046511980782
2021-08-25,0.0081373903637377
2021-08-24,-0.22836191035447
2021-08-23,0.23776723195422
2021-08-22,-0.037620394001577
2021-08-21,0.087852552912101
2021-08-20,0.099517181391492
2021-08-19,0.13761709362999
2021-08-18,-0.24405073058456
2021-08-17,0.068319769572325
2021-08-16,-0.098652581704545
2021-08-15,0.09116131187502
2021-08-14,0.16058400304879
2021-08-13,-0.02121946252049
2021-08-12,-0.00022901768727195
2021-08-11,-0.10976131658058
2021-08-10,0.11577839734574
2021-08-09,-0.021523777446721
2021-08-08,-0.036442839210413
2021-08-07,0.10288237262393
2021-08-06,0.041014819307364
2021-08-05,0.19136819235473
2021-08-04,-0.19494756406104
2021-08-03,0.15859872099256
2021-08-02,-0.12076489658129
2021-08-01,-0.017968913126079
2021-07-31,-0.011060449656751
2021-07-30,0.028987153978019
2021-07-29,0.029652978923347
2021-07-28,-0.022201586531125
2021-07-27,0.11324588633716
2021-07-26,0.099294008078125
2021-07-25,0.0052960389395844
2021-07-24,0.18051853996865
2021-07-23,-0.13557423498938
2021-07-22,0.13146313260563
2021-07-21,0.21070524161541
2021-07-20,-0.29832534489682
2021-07-19,0.16147501814822
2021-07-18,0.014061623681497
2021-07-17,-0.057047306836864
2021-07-16,0.1499074815948
2021-07-15,-0.26188497938406
2021-07-14,0.23466086371976
2021-07-13,0.037249424925698
2021-07-12,0.015913465219143
2021-07-11,-0.20578101210386
2021-07-10,0.23252095510999
2021-07-09,-0.063591972029248
2021-07-08,0.074459414593503
2021-07-07,-0.12689934002502
2021-07-06,0.071888778799534
2021-07-05,0.1091390027859
2021-07-04,-0.083156533981137
2021-07-03,0.40882560066364
2021-07-02,-0.075368226021012
2021-07-01,0.040984178076216
2021-06-30,-0.012046407570132
2021-06-29,0.062150195646762
2021-06-28,0.57535687648365
2021-06-27,-0.29226099443394
2021-06-26,-0.24237302878045
2021-06-25,0.025193993238554
2021-06-24,0.0061259654992296
2021-06-23,0.19275769081141
2021-06-22,-0.143671778051
2021-06-21,-0.02595924975012
2021-06-20,-0.0047696133523994
2021-06-19,-0.2009962896641
2021-06-18,-0.083705107347561
2021-06-17,0.025352100341632
2021-06-16,-0.077902369727805
2021-06-15,-0.053711756901896
2021-06-14,0.16057539786243
2021-06-13,0.0061664430834088
2021-06-12,0.21107507286747
2021-06-11,-0.11166146753891
2021-06-10,-0.0031310103839362
2021-06-09,-0.082031995742581
2021-06-08,-0.011986245997092
2021-06-07,-0.071961538200461
2021-06-06,0.1144185187808
2021-06-05,-0.044059597306257
2021-06-04,-0.12901111606215
2021-06-03,-0.092513507573466
2021-06-02,0.198461102519
2021-06-01,0.0095440284800495
2021-05-31,0.020445194301066
2021-05-30,0.22021001341986
2021-05-29,-0.088827619413914
2021-05-28,-0.031742239593987
2021-05-27,-0.063807601032944
2021-05-26,0.012237985008903
2021-05-25,-0.0027815315204262
2021-05-24,0.12868358878049
2021-05-23,-0.068605224544102
2021-05-22,-0.028394367359479
2021-05-21,-0.034742671006849
2021-05-20,-0.093639432123494
2021-05-19,0.19361674678772
2021-05-18,-0.169400890236
2021-05-17,-0.11589062087526
2021-05-16,0.0077863241571722
2021-05-15,-0.093446378370122
2021-05-14,-0.14906381243592
2021-05-13,-0.16932021687059
2021-05-12,-0.00033044123169907
2021-05-11,-0.090960693543414
2021-05-10,-0.005503943119562
2021-05-09,0.055948307932247
2021-05-08,-0.055599083082427
2021-05-07,0.07506785050489
2021-05-06,0.089882059120874
2021-05-05,-0.10101119150756
2021-05-04,-0.045171841590918
2021-05-03,0.0087142529972252
2021-05-02,0.23934945378423
2021-05-01,-0.040315686465762
2021-04-30,0.21580251102233
2021-04-29,-0.12816755305403
2021-04-28,-0.020159251197774
2021-04-27,0.20663825540368
2021-04-26,-0.041730779781342
2021-04-25,-0.082119641124246
2021-04-24,-0.030407260053775
2021-04-23,-0.13572921907055
2021-04-22,0.30610955058024
2021-04-21,-0.20609971943518
2021-04-20,0.31420877273263
2021-04-19,-0.18262924619926
2021-04-18,0.2819102168683
2021-04-17,-0.068836654836734
2021-04-16,-0.39683853755047
2021-04-15,0.26972694854247
2021-04-14,0.027661453575697
2021-04-13,0.029827189820467
2021-04-12,0.014666068972819
2021-04-11,-0.082581920555789
2021-04-10,0.018366628316743
2021-04-09,0.18692464035874
2021-04-08,-0.14059696570142
2021-04-07,0.048146427163355
2021-04-06,-0.05380498818525
2021-04-05,0.10108697081556
2021-04-04,0.045231232593406
2021-04-03,-0.055674373912442
2021-04-02,-0.025189236531865
2021-04-01,-0.0781183278655
2021-03-31,0.080027733251794
2021-03-30,-0.012610473241283
2021-03-29,0.016334728548746
2021-03-28,-0.0074468309161616
2021-03-27,0.19491698424579
2021-03-26,-0.11373722200686
2021-03-25,-0.017426114528882
2021-03-24,-0.065663695877833
2021-03-23,0.040376142921972
2021-03-22,-0.025398378896966
2021-03-21,-0.02366973397577
2021-03-20,-0.0015415182452644
2021-03-19,-0.043000253610087
2021-03-18,0.18234744214498
2021-03-17,-0.055518696229597
2021-03-16,-0.033786654155803
2021-03-15,-0.078494392946037
2021-03-14,0.089973214707334
2021-03-13,-0.0098189132634157
2021-03-12,0.1377251969118
2021-03-11,-0.085268129286049
2021-03-10,0.090086142395994
2021-03-09,-0.017011393730767
2021-03-08,0.08801549844916
2021-03-07,-0.0052453495036356
2021-03-06,-0.0020889905994586
2021-03-05,0.089532442284773
2021-03-04,-0.17091184470302
2021-03-03,0.090568038645803
2021-03-02,0.13600683857547
2021-03-01,0.10193312361917
2021-02-28,-0.21021881003059
2021-02-27,0.079190852644273
2021-02-26,-0.17990908695261
2021-02-25,-0.032698830454569
2021-02-24,0.23218769647161
2021-02-23,-0.083499606630412
2021-02-22,-0.082066890038898
2021-02-21,-0.03444092170728
2021-02-20,0.0075472502836491
2021-02-19,0.10367938614902
2021-02-18,0.046664591921469
2021-02-17,0.19733943561516
2021-02-16,-0.17249632593876
2021-02-15,0.02824875830629
2021-02-14,-0.066964369485295
2021-02-13,0.012087662358157
2021-02-12,0.12517791711412
2021-02-11,-0.041507553018039
2021-02-10,-0.042747938288948
2021-02-09,0.06093744661927
2021-02-08,0.18461475248032
2021-02-07,-0.093972117313431
2021-02-06,-0.0070972295742858
2021-02-05,0.040829022163442
2021-02-04,0.12133886660325
2021-02-03,0.011888684220006
2021-02-02,0.28493382024893
2021-02-01,-0.099244856943076
2021-01-31,-0.0071241453232259
2021-01-30,-0.14708838048223
2021-01-29,0.2317596027354
2021-01-28,0.062462065441024
2021-01-27,-0.14374549251273
2021-01-26,0.062543845923746
2021-01-25,0.09418184027512
2021-01-24,-0.10271047229707
2021-01-23,0.059181091597954
2021-01-22,0.052111225333543
2021-01-21,-0.1169087334491
2021-01-20,-0.10777280010164
2021-01-19,0.060398420749204
2021-01-18,0.13505953618097
2021-01-17,-0.16234474729839
2021-01-16,-0.08643201583197
2021-01-15,-0.018446799518469
2021-01-14,0.13400699966671
2021-01-13,-0.027014182194333
2021-01-12,0.022203804925914
2021-01-11,-0.126789548014
2021-01-10,0.060900356980867
2021-01-09,-0.039307082449152
2021-01-08,-0.06341868739627
2021-01-07,0.051662466510853
2021-01-06,0.21774988808487
2021-01-05,-0.11164072334414
2021-01-04,0.10663134807539
2021-01-03,0.12579279160258
2021-01-02,0.097717363296892
2021-01-01,-0.12666970449134
2020-12-31,-0.018063998730187
2020-12-30,0.20110470383391
2020-12-29,-0.05830100440271
2020-12-28,0.088423368538811
2020-12-27,0.16066264479756
2020-12-26,-0.0029339548067338
2020-12-25,0.14654419768829
2020-12-24,-0.20304625351709
2020-12-23,0.085137377430465
2020-12-22,0.029920830519611
2020-12-21,-0.030342393329335
2020-12-20,-0.071750374742492
2020-12-19,-0.049817472159147
2020-12-18,0.2194651706034
2020-12-17,0.12729524682258
2020-12-16,0.066279193048435
2020-12-15,0.0036787383590375
2020-12-14,-0.058242892341037
2020-12-13,0.19909953513585
2020-12-12,-0.034260057324965
2020-12-11,0.032205651357618
2020-12-10,-0.042967083614802
2020-12-09,-0.092595426251645
2020-12-08,-0.020799582159105
2020-12-07,0.12346188313287
2020-12-06,-0.075911835850747
2020-12-05,-0.034421769492126
2020-12-04,-0.11330726688347
2020-12-03,0.18978268575791
2020-12-02,-0.13491325197829
2020-12-01,0.4398622934334
2020-11-30,-0.18524933443702
2020-11-29,0.022266422343276
2020-11-28,-0.019882090935336
2020-11-27,-0.019179882210511
2020-11-26,-0.099366508024457
2020-11-25,0.15154474281187
2020-11-24,-0.018190784171742
2020-11-23,-0.13847744531832
2020-11-22,0.01212583849631
2020-11-21,0.00069069368684382
2020-11-20,0.21506863683187
2020-11-19,-0.19845524964132
2020-11-18,0.15659076108555
2020-11-17,0.034623160777433
2020-11-16,0.13080161273232
2020-11-15,0.00419622199535
2020-11-14,-0.027119966322558
2020-11-13,-0.099559754072351
2020-11-12,0.11136932034051
2020-11-11,-0.026681134353591
2020-11-10,-0.18584662546326
2020-11-09,0.33459988157766
2020-11-08,-0.061035459244798
2020-11-07,-0.14591821287959
2020-11-06,-0.095915366257962
2020-11-05,0.2555165566495
2020-11-04,0.05149122304883
2020-11-03,0.45160428155718
2020-11-02,-0.18500286314293
2020-11-01,0.0026573500594256
2020-10-31,0.039995254692936
2020-10-30,0.029731357516694
2020-10-29,0.08840906037204
2020-10-28,0.052931210253536
2020-10-27,0.041692747073953
2020-10-26,0.003653406465215
2020-10-25,-0.2448139443121
2020-10-24,0.089295825083542
2020-10-23,-0.069574456729077
2020-10-22,0.17498859257614
2020-10-21,-0.012679217222633
2020-10-20,0.19777207802186
2020-10-19,0.088488784367484
2020-10-18,-0.23060358365616
2020-10-17,-0.0057960260485588
2020-10-16,-0.0060803620190067
2020-10-15,0.01798935947623
2020-10-14,-0.098416318042152
2020-10-13,0.11785949101033
2020-10-12,0.080215362540937
2020-10-11,-0.041992971418482
2020-10-10,0.014775082975917
2020-10-09,-0.092650505902712
2020-10-08,0.079590967533167
2020-10-07,0.11334786339391
2020-10-06,-0.061291944240113
2020-10-05,-0.031218379666962
2020-10-04,0.018480648680588
2020-10-03,0.060827480176153
2020-10-02,0.086701590722159
2020-10-01,-0.18006383055669
2020-09-30,0.11095804600097
2020-09-29,0.084532364734952
2020-09-28,-0.110305288661
2020-09-27,-0.0042758644791031
2020-09-26,-0.13940237968046
2020-09-25,0.25925708764775
2020-09-24,-0.031621670156405
2020-09-23,0.11342528435024
2020-09-22,-0.1105009757499
2020-09-21,0.030893692228034
2020-09-20,-0.068295414058794
2020-09-19,-0.10387641298898
2020-09-18,-0.066355931443209
2020-09-17,0.13028591508978
2020-09-16,0.0059694322869807
2020-09-15,-0.092576944785142
2020-09-14,0.13103732559379
2020-09-13,-0.06101050661482
2020-09-12,0.1773835689049
2020-09-11,-0.11967136481945
2020-09-10,0.092139546600898
2020-09-09,-0.02724795149832
2020-09-08,-0.12514159929757
2020-09-07,0.17133363559994
2020-09-06,-0.00075070202663086
2020-09-05,-0.0091034791875086
2020-09-04,0.012957945425174
2020-09-03,-0.13949637116397
2020-09-02,-0.067408187813469
2020-09-01,0.061694831505699
2020-08-31,0.22406021041114
2020-08-30,-0.11528349490423
2020-08-29,-0.13427809421181
2020-08-28,0.21644225077942
2020-08-27,-0.057761119594597
2020-08-26,0.089385022639997
2020-08-25,-0.12080088595301
2020-08-24,-0.033061923014592
2020-08-23,0.1075955811737
2020-08-22,-0.14843112256651
2020-08-21,0.05516829990882
2020-08-20,0.032615417343706
2020-08-19,-0.064872026762744
2020-08-18,0.22684966435843
2020-08-17,-0.14343193371702
2020-08-16,-0.032498154544862
2020-08-15,-0.085506397148303
2020-08-14,0.15410984204645
2020-08-13,-0.063506480424257
2020-08-12,-0.021748103518529
2020-08-11,0.10127420211441
2020-08-10,-0.027342257214719
2020-08-09,0.071995954643353
2020-08-08,-0.12452996403865
2020-08-07,-0.063366520781191
2020-08-06,0.27430144407344
2020-08-05,-0.055230301239476
2020-08-04,-0.11148041129753
2020-08-03,0.1488493986445
2020-08-02,-0.020451291782811
2020-08-01,-0.094946989369926
2020-07-31,0.11839601333546
2020-07-30,-0.072812419247124
2020-07-29,0.012632659871742
2020-07-28,0.084512726746009
2020-07-27,0.048386198630323
2020-07-26,0.11265323164554
2020-07-25,-0.11985883947892
2020-07-24,0.14984149554003
2020-07-23,-0.037161673503826
2020-07-22,0.18862711375459
2020-07-21,-0.067483744026732
2020-07-20,0.097032542553038
2020-07-19,-0.02744635781194
2020-07-18,0.10996434748128
2020-07-17,-0.12234744736465
2020-07-16,-0.008884378853862
2020-07-15,-0.05006848883876
2020-07-14,0.010348053891041
2020-07-13,-0.011246390383558
2020-07-12,-0.031824665115364
2020-07-11,-0.052265703918617
2020-07-10,-0.048651799885544
2020-07-09,0.11380886618331
2020-07-08,-0.056800902262902
2020-07-07,0.026489575894117
2020-07-06,0.012711151678186
2020-07-05,0.027119172357429
2020-07-04,-0.067836931345154
2020-07-03,-0.0033893631432429
2020-07-02,-0.021408241261385
2020-07-01,0.15028960515809
2020-06-30,0.027862086684912
2020-06-29,-0.012018351494112
2020-06-28,0.075298405899764
2020-06-27,-0.18998609445665
2020-06-26,0.17008669977223
2020-06-25,-0.01053698236854
2020-06-24,-0.13749259133188
2020-06-23,0.11666600406697
2020-06-22,-0.0092210006559045
2020-06-21,0.093299332015182
2020-06-20,-0.057014629540488
2020-06-19,0.1324374867549
2020-06-18,-0.11422906839468
2020-06-17,-0.094478433946995
2020-06-16,0.1615321600769
2020-06-15,-0.2023326404254
2020-06-14,0.078808259252822
2020-06-13,-0.02471858167238
2020-06-12,-0.14008522922347
2020-06-11,0.10310677296257
2020-06-10,0.021500460340196
2020-06-09,-0.019027653181446
2020-06-08,0.056892532806428
2020-06-07,-0.21288048300214
2020-06-06,0.078119696732256
2020-06-05,0.18524275770591
2020-06-04,0.075219304441512
2020-06-03,0.01565388839416
2020-06-02,0.0034239992249173
2020-06-01,-0.066195287541102
2020-05-31,-0.037402519677676
2020-05-30,0.16260050823645
2020-05-29,0.0082316131869728
2020-05-28,-0.084826707090066
2020-05-27,0.20203239403843
2020-05-26,-0.00023889544493752
2020-05-25,0.055282428225173
2020-05-24,-0.070920328106299
2020-05-23,0.0093521324018339
2020-05-22,-0.17777187758216
2020-05-21,0.072600504293349
2020-05-20,-0.0077495779620338
2020-05-19,-0.094001769710866
2020-05-18,0.37799642828659
2020-05-17,-0.15622641807532
2020-05-16,-0.060280624962434
2020-05-15,0.08791216139646
2020-05-14,0.054011794010082
2020-05-13,-0.12601493961614
2020-05-12,-0.4786642093122
2020-05-11,-0.1082645321579
2020-05-10,0.10802304472479
2020-05-09,-0.049037280499742
2020-05-08,0.0013736625834385
2020-05-07,-0.1147391020299
2020-05-06,0.12738929547334
2020-05-05,0.021460149208823
2020-05-04,-0.08821238857092
2020-05-03,0.15341757179188
2020-05-02,-0.031811226997363
2020-05-01,0.072027290861596
2020-04-30,0.041936630203771
2020-04-29,0.043288275432225
2020-04-28,0.07768088202388
2020-04-27,0.047614837252812
2020-04-26,0.025401863931458
2020-04-25,-0.069310137841176
2020-04-24,0.060319895723495
2020-04-23,0.1385550108423
2020-04-22,-0.12678084721389
2020-04-21,-0.084943817959371
2020-04-20,0.056962770842697
2020-04-19,-0.03720085121331
2020-04-18,0.23111292302411
2020-04-17,-0.1416052729898
2020-04-16,-0.073027218169232
2020-04-15,-0.0019939319556109
2020-04-14,-0.0065202634635794
2020-04-13,0.099930301494436
2020-04-12,-0.040769814056259
2020-04-11,-0.031430854115186
2020-04-10,0.0089648095472835
2020-04-09,0.070554702318415
2020-04-08,-0.15461883830168
2020-04-07,0.37004705941549
2020-04-06,-0.23214179437129
2020-04-05,0.10301526775019
2020-04-04,0.18573552262429
2020-04-03,-0.12154665461738
2020-04-02,0.05105027086499
2020-04-01,-0.059173992076029
2020-03-31,0.13127662712148
2020-03-30,-0.015643477289332
2020-03-29,0.075816492164794
2020-03-28,-0.18056660647131
2020-03-27,-0.020442227735054
2020-03-26,0.68794973230801
2020-03-25,-0.28158857108113
2020-03-24,0.26676808944961
2020-03-23,-0.10839086578593
2020-03-22,0.012378519154719
2020-03-21,0.045256066479098
2020-03-20,0.18356237966077
2020-03-19,0.14984632674316
2020-03-18,-0.18121602496541
2020-03-17,0.074484288266238
2020-03-16,-0.026317545882391
2020-03-15,-0.098305065971744
2020-03-14,0.040770719233541
2020-03-13,-0.36252516014857
2020-03-12,0.13760553333774
2020-03-11,-0.10539095451681
2020-03-10,-0.11294696388493
2020-03-09,-0.13698617780443
2020-03-08,-0.044785372066805
2020-03-07,0.0064104180117047
2020-03-06,-0.025759752917876
2020-03-05,-0.020390585125585
2020-03-04,0.11222331167872
2020-03-03,0.020316786825144
2020-03-02,0.0
2020-03-01,0.0
2020-02-29,-0.041022626738874
2020-02-28,0.06160122292366
2020-02-27,0.049440205816658
2020-02-26,-0.12307888976381
2020-02-25,0.025593763820432
2020-02-24,-0.017330089473516
2020-02-23,-0.020341638202321
2020-02-22,-0.044233719659182
2020-02-21,0.22895579104294
2020-02-20,-0.16507434008901
2020-02-19,-0.031579478007811
2020-02-18,-0.04120592963209
2020-02-17,0.11360558695536
2020-02-16,-0.026972219168686
2020-02-15,0.022483535031827
2020-02-14,-0.031477528905079
2020-02-13,-0.015411938967226
2020-02-12,-0.015146106158832
2020-02-11,0.21570279566708
2020-02-10,-0.20640950728703
2020-02-09,0.12766708272682
2020-02-08,0.012443654832254
2020-02-07,0.011202216594799
2020-02-06,0.0
2020-02-05,0.10963869207224
2020-02-04,-0.11748429307909
2020-02-03,0.030859951234864
2020-02-02,-0.051177252001213
2020-02-01,0.047974804044371
2020-01-31,-0.099440177876113
2020-01-30,0.0018382531730166
2020-01-29,0.16284434632532
2020-01-28,0.14168563395958
2020-01-27,-0.07461087208679
2020-01-26,-0.10336770562035
2020-01-25,0.040539588338862
2020-01-24,-0.040241594984407
2020-01-23,-0.008160145033518
2020-01-22,0.036032496164896
2020-01-21,0.041996427061408
2020-01-20,-0.054642691794872
2020-01-19,0.14341374062524
2020-01-18,-0.16582119997767
2020-01-17,0.017449161288632
2020-01-16,0.040818817126162
2020-01-15,0.066333712450599
2020-01-14,0.076178920712205
2020-01-13,-0.063487892669402
2020-01-12,-0.075087299081595
2020-01-11,0.087024754288789
2020-01-10,-0.01200612012545
2020-01-09,0.056395977396317
2020-01-08,-0.15616665358513
2020-01-07,0.35205611178723
2020-01-06,-0.15274817960596
2020-01-05,-0.015752083046245
2020-01-04,-0.0034799768222742
2020-01-03,0.24884085513966
2020-01-02,-0.20940018187354
2020-01-01,0.20939278078829
2019-12-31,-0.14847541691748
2019-12-30,0.078831882862691
2019-12-29,0.045183721509073
2019-12-28,0.013634870860806
2019-12-27,-0.14208442288969
2019-12-26,0.35391139453075
2019-12-25,0.0094638182108625
2019-12-24,-0.16224697373511
2019-12-23,-0.10300035289402
2019-12-22,-0.031994901453571
2019-12-21,0.12180359901623
2019-12-20,-0.032022937818602
2019-12-19,0.24766344407297
2019-12-18,-0.035196916447366
2019-12-17,-0.14228121769645
2019-12-16,0.2702303523952
2019-12-15,-0.19516697846864
2019-12-14,-0.016801901054795
2019-12-13,0.16429706614908
2019-12-12,0.0011757044817091
2019-12-11,-0.11611313003491
2019-12-10,-0.023213843038838
2019-12-09,9.8182795583914e-05
2019-12-08,-0.086176993612
2019-12-07,0.12370857674493
2019-12-06,0.011350014345746
2019-12-05,-0.13724738312977
2019-12-04,0.065133719742666
2019-12-03,0.088626860504213
2019-12-02,0.040254239422478
2019-12-01,0.052413843063462
2019-11-30,-0.13156167863934
2019-11-29,-0.11151992038765
2019-11-28,0.23883317069749
2019-11-27,0.15060573543985
2019-11-26,-0.0034285853655894
2019-11-25,-0.053008762864854
2019-11-24,-0.26860260515158
2019-11-23,0.29027661955058
2019-11-22,-0.085819734846678
2019-11-21,-0.073703333746293
2019-11-20,-0.050770186077252
2019-11-19,0.042482291853667
2019-11-18,-0.097638956544143
2019-11-17,0.04526480902035
2019-11-16,-0.085693957732541
2019-11-15,-0.076050889959584
2019-11-14,0.246346458455
2019-11-13,0.0052329424052075
2019-11-12,-0.11208483736087
2019-11-11,-0.10664189412843
2019-11-10,0.17287504058415
2019-11-09,0.091369820928718
2019-11-08,-0.075671577894365
2019-11-07,0.012780783940882
2019-11-06,-0.096382781384847
2019-11-05,0.094721986249805
2019-11-04,-0.028120180492011
2019-11-03,0.021836355723932
2019-11-02,0.037202448156333
2019-11-01,0.0010398219327192
2019-10-31,-0.029806545063983
2019-10-30,0.0017409507920329
2019-10-29,-0.021339821224009
2019-10-28,0.17111130496971
2019-10-27,-0.17231367320705
2019-10-26,0.20561955202633
2019-10-25,0.1044037812926
2019-10-24,-0.26261216204857
2019-10-23,-0.02384023178772
2019-10-22,0.046310821817637
2019-10-21,0.11594456158029
2019-10-20,0.034504509986827
2019-10-19,-0.11294486196924
2019-10-18,0.029692123534742
2019-10-17,0.083704040759306
2019-10-16,-0.098925137853222
2019-10-15,0.11018847862702
2019-10-14,-0.036729553641921
2019-10-13,0.083078782819502
2019-10-12,-0.17816691042812
2019-10-11,-0.043200394346371
2019-10-10,0.21910626690452
2019-10-09,-0.14269827458368
2019-10-08,0.083656184790367
2019-10-07,0.023711850736214
2019-10-06,-0.060975290443877
2019-10-05,0.077577413044679
2019-10-04,-0.016047343257487
2019-10-03,-0.033605640698569
2019-10-02,0.041440351437331
2019-10-01,0.14223153227517
2019-09-30,-0.059865588070124
2019-09-29,-0.12847272528475
2019-09-28,0.19423264707524
2019-09-27,-0.24308769007413
2019-09-26,0.05337930739734
2019-09-25,-0.10393410554658
2019-09-24,0.31222186123328
2019-09-23,-0.30811522428326
2019-09-22,0.0042707624936824
2019-09-21,0.078819776654041
2019-09-20,0.0085745026924255
2019-09-19,-0.14022578946026
2019-09-18,0.16979713096155
2019-09-17,-0.10242859932001
2019-09-16,0.10556443163363
2019-09-15,-0.05416068830965
2019-09-14,0.044802249618609
2019-09-13,-0.040920077168949
2019-09-12,-0.14651377276917
2019-09-11,0.014160610098715
2019-09-10,0.23495527222384
2019-09-09,-0.1896587501272
2019-09-08,0.17670773590267
2019-09-07,-0.063855797019415
2019-09-06,-0.044184310225905
2019-09-05,0.22209979262918
2019-09-04,-0.17346619148259
2019-09-03,0.13616455734842
2019-09-02,0.12545560431891
2019-09-01,-0.14691358668665
2019-08-31,0.038464202387852
2019-08-30,-0.028381717327879
2019-08-29,0.047394794680431
2019-08-28,0.084036858647338
2019-08-27,-0.014485217186659
2019-08-26,-0.098459258294664
2019-08-25,-0.042563419740044
2019-08-24,0.030043246259569
2019-08-23,0.11282290686628
2019-08-22,0.0061359745353642
2019-08-21,-0.15192357529911
2019-08-20,-0.050215640178579
2019-08-19,0.36461022598804
2019-08-18,-0.019111636632466
2019-08-17,-0.16636515737816
2019-08-16,-0.011203647990349
2019-08-15,-0.016754070336602
2019-08-14,-0.11088277297881
2019-08-13,0.17667702980866
2019-08-12,-0.11460295931488
2019-08-11,0.0052253479903676
2019-08-10,-0.023538469010944
2019-08-09,0.034950322129315
2019-08-08,-0.061180832220593
2019-08-07,-0.030952101191707
2019-08-06,0.089118222182355
2019-08-05,-0.036769604731823
2019-08-04,-0.033280376966942
2019-08-03,0.056766155422733
2019-08-02,0.21556760024621
2019-08-01,-0.14160668318574
2019-07-31,0.22111502280458
2019-07-30,-0.15017195349718
2019-07-29,-0.0050774293301229
2019-07-28,0.11468305584466
2019-07-27,-0.092142420204559
2019-07-26,0.058156079036739
2019-07-25,0.13029106811583
2019-07-24,-0.075845563627992
2019-07-23,-0.12819953941276
2019-07-22,0.070900655601128
2019-07-21,-0.17606234240422
2019-07-20,0.50541036425816
2019-07-19,0.017254341125535
2019-07-18,-0.034414608713761
2019-07-17,-0.25501491997811
2019-07-16,0.12787564693666
2019-07-15,-0.026983071276027
2019-07-14,-0.02071352912882
2019-07-13,-0.1680598494476
2019-07-12,0.24108147345145
2019-07-11,-0.071970153625314
2019-07-10,-0.15104811539132
2019-07-09,-0.094117521627952
2019-07-08,0.2612508207307
2019-07-07,-0.15798798587801
2019-07-06,-0.029362426674268
2019-07-05,0.059512227808892
2019-07-04,-0.0020288593443
2019-07-03,0.18607985328989
2019-07-02,0.054828129760788
2019-07-01,-0.11480013385784
2019-06-30,-0.15455854550099
2019-06-29,0.056618155629867
2019-06-28,0.095098580706127
2019-06-27,-0.17192335796828
2019-06-26,0.29935637214278
2019-06-25,-0.14291275497442
2019-06-24,0.0092567904270958
2019-06-23,0.25815099059065
2019-06-22,0.15325844950657
2019-06-21,-0.020581331959732
2019-06-20,-0.15612160746666
2019-06-19,0.073913129213899
2019-06-18,0.18457904657645
2019-06-17,0.077479099046046
2019-06-16,-0.067929907204389
2019-06-15,-0.11873091496619
2019-06-14,0.15545857644476
2019-06-13,0.16166960323622
2019-06-12,-0.062965105225965
2019-06-11,-0.081733305859801
2019-06-10,0.084967249311327
2019-06-09,0.16753274317355
2019-06-08,-0.23794789819698
2019-06-07,0.019797062603194
2019-06-06,-0.011781187750037
2019-06-05,-0.014933573884171
2019-06-04,0.18427744035174
2019-06-03,-0.07006473439645
2019-06-02,-0.11646833740331
2019-06-01,0.25645154018341
2019-05-31,-0.26401533455515
2019-05-30,-0.084006663226291
2019-05-29,0.027963518667464
2019-05-28,-0.040354705728928
2019-05-27,0.19468706631269
2019-05-26,0.15980151020078
2019-05-25,-0.1020537377995
2019-05-24,0.022081119577273
2019-05-23,-0.090316296466264
2019-05-22,0.075850840423401
2019-05-21,-0.033487905660331
2019-05-20,0.016477493799541
2019-05-19,0.14309915959166
2019-05-18,-0.026877140869564
2019-05-17,-0.074746077577327
2019-05-16,-0.020094793918482
2019-05-15,0.047627650006563
2019-05-14,-0.014109621724911
2019-05-13,0.055383797312544
2019-05-12,0.31173814422115
2019-05-11,0.10286827520637
2019-05-10,-0.11353754571794
2019-05-09,0.035609408352868
2019-05-08,0.17003254612462
2019-05-07,-0.096757093049944
2019-05-06,0.15742595509064
2019-05-05,-0.044266785216232
2019-05-04,-0.097763387087552
2019-05-03,-0.14056060486495
2019-05-02,0.083443210260024
2019-05-01,0.23496515908894
2019-04-30,-0.13978683722894
2019-04-29,0.043856857633171
2019-04-28,0.18214140078452
2019-04-27,-0.10521712650788
2019-04-26,-0.0040916607699602
2019-04-25,-0.16202615761514
2019-04-24,0.42919342570936
2019-04-23,-0.092772452435586
2019-04-22,-0.16333374050779
2019-04-21,0.21264237206592
2019-04-20,-0.1192585353612
2019-04-19,0.020608512807215
2019-04-18,0.06610299686711
2019-04-17,0.0054740593265727
2019-04-16,-0.01895016942793
2019-04-15,0.2226361168716
2019-04-14,-0.099516127954691
2019-04-13,-0.1116380294234
2019-04-12,-0.059995247013551
2019-04-11,0.032991703272234
2019-04-10,0.12128328025392
2019-04-09,-0.12319683091746
2019-04-08,0.11026421364491
2019-04-07,0.034358540569065
2019-04-06,-0.13063323855326
2019-04-05,0.066272179365372
2019-04-04,0.0078847827396092
2019-04-03,-0.00014580686087048
2019-04-02,0.34934134101526
2019-04-01,-0.0027489803715074
2019-03-31,-0.0056478174706494
2019-03-30,-0.062249782634364
2019-03-29,0.026035658251869
2019-03-28,-0.014585203617553
2019-03-27,0.13878185194237
2019-03-26,-0.097418862052081
2019-03-25,0.0017563245259265
2019-03-24,0.015867279079728
2019-03-23,-0.090116320471533
2019-03-22,0.098087118474437
2019-03-21,-0.154845408762
2019-03-20,-0.0099045017545995
2019-03-19,0.067795421083829
2019-03-18,0.13314024067782
2019-03-17,-0.14104003781465
2019-03-16,0.10007696732895
2019-03-15,0.01613428153356
2019-03-14,0.14510405198725
2019-03-13,-0.063562520893168
2019-03-12,0.01584473265395
2019-03-11,0.042834691201612
2019-03-10,-0.055977462727833
2019-03-09,-0.014732465732935
2019-03-08,-0.052005068624276
2019-03-07,0.18776596723132
2019-03-06,-0.10201256641924
2019-03-05,0.094974138504895
2019-03-04,-0.074017847192567
2019-03-03,0.068764795297531
2019-03-02,-0.16161183162392
2019-03-01,0.065282965085832
2019-02-28,0.080707136837902
2019-02-27,-0.13663997373088
2019-02-26,0.13949203579681
2019-02-25,-0.028902239982144
2019-02-24,-0.0098049125453443
2019-02-23,-0.11191642472866
2019-02-22,0.33784868384548
2019-02-21,-0.082599079214415
2019-02-20,-0.14862586095397
2019-02-19,0.025440225467987
2019-02-18,0.051631361466725
2019-02-17,0.041539566376472
2019-02-16,0.19717080116737
2019-02-15,-0.12243744972171
2019-02-14,-0.058746488275322
2019-02-13,0.15663774092193
2019-02-12,-0.098935940630552
2019-02-11,0.036967228063345
2019-02-10,-0.056993235911647
2019-02-09,-0.047273700957626
2019-02-08,-0.025798939986521
2019-02-07,0.055709283258454
2019-02-06,0.08778174979692
2019-02-05,0.0016498034285926
2019-02-04,0.060803723328019
2019-02-03,-0.044503111283142
2019-02-02,-0.077638708059086
2019-02-01,0.018799586277925
2019-01-31,0.14391787183493
2019-01-30,-0.075420086629035
2019-01-29,0.007303344709503
2019-01-28,-0.01173537425288
2019-01-27,-0.067665488976338
2019-01-26,0.086764106598675
2019-01-25,-0.14324306295033
2019-01-24,0.10196602985216
2019-01-23,0.14357791809646
2019-01-22,-0.13082127381543
2019-01-21,-0.060464797563083
2019-01-20,0.12619302004215
2019-01-19,0.0020371191539497
2019-01-18,0.087477895343182
2019-01-17,-0.039841770696873
2019-01-16,-0.0061407755608398
2019-01-15,-0.09926676766205
2019-01-14,0.082712734481502
2019-01-13,-0.013532572999681
2019-01-12,-0.073141642066594
2019-01-11,-0.099343042856258
2019-01-10,-0.090571129384392
2019-01-09,-0.028198173563694
2019-01-08,0.18168980098127
2019-01-07,0.044667477518364
2019-01-06,-0.12039182059226
2019-01-05,0.11442338416959
2019-01-04,-0.059323846538435
2019-01-03,0.026474906984006
2019-01-02,0.050895526525471
2019-01-01,-0.053242052707862
2018-12-31,-0.12719093117538
2018-12-30,0.25793402910479
2018-12-29,-0.1442276864268
2018-12-28,-0.040446819766184
2018-12-27,0.098506044404312
2018-12-26,-0.022423529218257
2018-12-25,-0.047995995759647
2018-12-24,-0.098850787264225
2018-12-23,0.033407265584604
2018-12-22,0.20653361944337
2018-12-21,0.063923296458063
2018-12-20,-0.068708587218252
2018-12-19,0.24386751231352
2018-12-18,-0.13916776631857
2018-12-17,0.41884088090156
2018-12-16,-0.2168344337908
2018-12-15,0.014050592277678
2018-12-14,0.058102358049715
2018-12-13,0.07273733902552
2018-12-12,-0.012651436776781
2018-12-11,-0.037000359886541
2018-12-10,-0.02846284411822
2018-12-09,0.047268161023356
2018-12-08,0.098540499794745
2018-12-07,-0.22786290280186
2018-12-06,0.020794945792288
2018-12-05,-0.095770297537221
2018-12-04,0.20444888983041
2018-12-03,-0.032012222434202
2018-12-02,-0.083088609818174
2018-12-01,0.21611109984266
2018-11-30,-0.06485919816981
2018-11-29,-0.078551368537064
2018-11-28,-0.011467035783459
2018-11-27,0.14799193041654
2018-11-26,-0.11605803266689
2018-11-25,-0.20705305721235
2018-11-24,0.13173241240534
2018-11-23,-0.030187332981642
2018-11-22,0.15185829279722
2018-11-21,-0.22043648352212
2018-11-20,-0.074967624478366
2018-11-19,-0.01774072761586
2018-11-18,-0.15650470787774
2018-11-17,0.14608343108344
2018-11-16,-0.012098845862665
2018-11-15,-0.12921551195658
2018-11-14,0.08403003927905
2018-11-13,-0.14593451720556
2018-11-12,-0.028695998976265
2018-11-11,0.10163366750021
2018-11-10,0.025504421972105
2018-11-09,0.042291421576118
2018-11-08,-0.079529816125176
2018-11-07,0.030883658889219
2018-11-06,-0.11081517812666
2018-11-05,0.18439618275754
2018-11-04,-0.23143860992741
2018-11-03,0.093482618202433
2018-11-02,-0.042880713340045
2018-11-01,-0.049579356781936
2018-10-31,0.050127246337895
2018-10-30,0.048417264323472
2018-10-29,0.033590332414203
2018-10-28,0.022453825765197
2018-10-27,-0.046808624340676
2018-10-26,0.042871055419648
2018-10-25,0.22009015759575
2018-10-24,-0.2700651804274
2018-10-23,-0.009064191647154
2018-10-22,0.13613784857578
2018-10-21,-0.043970486317729
2018-10-20,0.00532732757929
2018-10-19,0.023273381707502
2018-10-18,-0.011966637300722
2018-10-17,0.021642709276786
2018-10-16,-0.14749347237777
2018-10-15,0.45857598695887
2018-10-14,-0.18553448580865
2018-10-13,0.075115858738583
2018-10-12,-0.17499614962127
2018-10-11,0.051881739290424
2018-10-10,0.10136296141089
2018-10-09,-0.040838371922043
2018-10-08,-0.038125716114704
2018-10-07,0.11398046382799
2018-10-06,-0.026524490085448
2018-10-05,-0.12997674958547
2018-10-04,0.035537793243521
2018-10-03,0.052221573113601
2018-10-02,-0.13324723516645
2018-10-01,-0.026585867402585
2018-09-30,0.07552207281629
2018-09-29,-0.036477518418544
2018-09-28,0.10458462243625
2018-09-27,0.038891555093097
2018-09-26,-0.16869086547018
2018-09-25,0.089349329666095
2018-09-24,-0.0098110088751823
2018-09-23,-0.033923500635463
2018-09-22,0.078803742076496
2018-09-21,-0.024628800513468
2018-09-20,0.00078518902982212
2018-09-19,0.089099706130284
2018-09-18,0.048639642287694
2018-09-17,-0.03808510253229
2018-09-16,-0.013512495826521
2018-09-15,0.058819783077039
2018-09-14,-0.099670543641913
2018-09-13,-0.10398405068753
2018-09-12,0.19743884898931
2018-09-11,0.045598385955344
2018-09-10,-0.17789804142113
2018-09-09,0.084951702982881
2018-09-08,-0.029683647908826
2018-09-07,0.014227489175341
2018-09-06,0.02405988801768
2018-09-05,0.021041967355221
2018-09-04,-0.11385808017275
2018-09-03,0.0043587713178856
2018-09-02,-0.02769750163029
2018-09-01,-0.012836224217816
2018-08-31,0.015027177977576
2018-08-30,0.08764256606435
2018-08-29,-0.091268816884752
2018-08-28,-0.13240061792381
2018-08-27,0.078078482355529
2018-08-26,0.27512493460252
2018-08-25,-0.050109445941339
2018-08-24,-0.0034458571027638
2018-08-23,-0.11962045378897
2018-08-22,0.14613981491359
2018-08-21,-0.020496088097048
2018-08-20,0.033120434264821
2018-08-19,-0.086310897356144
2018-08-18,0.041072644941413
2018-08-17,-0.015183933238627
2018-08-16,-0.02212292890114
2018-08-15,0.23923572718054
2018-08-14,-0.14219670442548
2018-08-13,-0.010564167155952
2018-08-12,-0.071839619758165
2018-08-11,-0.076815284543711
2018-08-10,0.19240171160033
2018-08-09,-0.05831238582415
2018-08-08,-0.052124222715187
2018-08-07,0.17175176750612
2018-08-06,-0.17825572576813
2018-08-05,-0.12868752315462
2018-08-04,0.026281387913542
2018-08-03,0.077909954577693
2018-08-02,0.012303921845619
2018-08-01,-0.042081618769465
2018-07-31,0.085274002982364
2018-07-30,-0.22298927758158
2018-07-29,0.20396774008495
2018-07-28,-0.10849913298056
2018-07-27,-0.042434440241071
2018-07-26,-0.07284553838954
2018-07-25,0.21813570667343
2018-07-24,-0.061647278573597
2018-07-23,-0.032471084646404
2018-07-22,0.34386748633604
2018-07-21,-0.13204367111381
2018-07-20,-0.07667734857032
2018-07-19,-0.02138170501988
2018-07-18,0.13047520283686
2018-07-17,0.48299869509517
2018-07-16,-0.083884412922952
2018-07-15,-0.0029033957032543
2018-07-14,-0.050872639467393
2018-07-13,-0.022500734637523
2018-07-12,0.023742626395596
2018-07-11,-0.1184037357901
2018-07-10,0.092641388107318
2018-07-09,-0.15814477136429
2018-07-08,0.051035839295132
2018-07-07,-0.0082631329172247
2018-07-06,0.1416265627332
2018-07-05,0.028588340985361
2018-07-04,0.15311723197944
2018-07-03,-0.17477889621808
2018-07-02,-0.001655807970855
2018-07-01,0.11234003818315
2018-06-30,-0.081613269287553
2018-06-29,-0.051911983363312
2018-06-28,0.29755283590449
2018-06-27,-0.19388065761364
2018-06-26,-0.047111931626668
2018-06-25,-0.085658978833538
2018-06-24,0.010732957542401
2018-06-23,0.022813130261255
2018-06-22,-0.11087436561766
2018-06-21,-0.006470207588887
2018-06-20,0.086501387131097
2018-06-19,-0.031497995473314
2018-06-18,0.038986944537455
2018-06-17,-0.019311352706283
2018-06-16,0.097671528110005
2018-06-15,-0.020569578603122
2018-06-14,0.10977310151363
2018-06-13,-0.044233900072309
2018-06-12,-0.011877033148129
2018-06-11,0.11422776737602
2018-06-10,-0.20612470588747
2018-06-09,-0.039872680625981
2018-06-08,0.028647471695225
2018-06-07,-0.024585856030446
2018-06-06,-0.1477045258851
2018-06-05,-0.03799138291783
2018-06-04,0.093594407753394
2018-06-03,0.079262217969114
2018-06-02,-0.070295083051655
2018-06-01,-0.017831686426987
2018-05-31,-0.035991993390142
2018-05-30,0.27331808878688
2018-05-29,-0.070145558226356
2018-05-28,-0.089188677062949
2018-05-27,0.029840144660412
2018-05-26,-0.092196508736817
2018-05-25,0.18043112645368
2018-05-24,-0.093101674104204
2018-05-23,0.011300260953713
2018-05-22,-0.12459932485552
2018-05-21,0.12861375186053
2018-05-20,-0.032628148270664
2018-05-19,0.0042070391019656
2018-05-18,0.16445733349971
2018-05-17,-0.27494719426177
2018-05-16,0.15943899096788
2018-05-15,0.1273177976523
2018-05-14,-0.11529929123967
2018-05-13,-0.10465012788416
2018-05-12,0.34050326668004
2018-05-11,-0.23216913024623
2018-05-10,-0.095374364818175
2018-05-09,0.20784997164119
2018-05-08,-0.085430271050158
2018-05-07,0.041197245516655
2018-05-06,-0.14692547623524
2018-05-05,0.17837425069179
2018-05-04,-0.072737839582265
2018-05-03,0.11816592547633
2018-05-02,-0.098611706817506
2018-05-01,-0.023521253901928
2018-04-30,-0.0043436285112444
2018-04-29,0.23467651374704
2018-04-28,-0.11458973929621
2018-04-27,0.02645141702724
2018-04-26,0.15264081090784
2018-04-25,-0.26201131373232
2018-04-24,0.13038790513983
2018-04-23,-0.033437970066288
2018-04-22,-0.040219738847093
2018-04-21,0.21416683965334
2018-04-20,-0.17408873157353
2018-04-19,0.12663895329589
2018-04-18,0.019629765445736
2018-04-17,0.12774140655226
2018-04-16,-0.17087840644932
2018-04-15,0.24243654436831
2018-04-14,-0.15485821666007
2018-04-13,0.12557549635861
2018-04-12,0.037907919326634
2018-04-11,0.0017672004936431
2018-04-10,0.081113314209357
2018-04-09,-0.089136451581952
2018-04-08,-0.093489346370359
2018-04-07,0.31465865251764
2018-04-06,-0.10931427453834
2018-04-05,0.067282551686047
2018-04-04,-0.18374685836541
2018-04-03,0.11372504582279
2018-04-02,-0.0027735282241456
2018-04-01,0.19674651720723
2018-03-31,-0.17513692301331
2018-03-30,0.022733329238621
2018-03-29,-0.0068943349532074
2018-03-28,-0.08305071431779
2018-03-27,-0.02639050008651
2018-03-26,0.039803179859538
2018-03-25,-0.12489058229692
2018-03-24,0.16892809809764
2018-03-23,-0.095161369241813
2018-03-22,-0.061105689954345
2018-03-21,0.19150715876287
2018-03-20,-0.14031968383261
2018-03-19,0.076659193951054
2018-03-18,0.035956402027955
2018-03-17,-0.094033712690012
2018-03-16,0.092319076278462
2018-03-15,0.025343703299932
2018-03-14,-0.2219171055596
2018-03-13,0.019898723955376
2018-03-12,-0.014228043940314
2018-03-11,0.13403121315713
2018-03-10,-0.0034544230983087
2018-03-09,-0.13205651778594
2018-03-08,-0.096196228519616
2018-03-07,0.0075485165433666
2018-03-06,-0.03183378927166
2018-03-05,0.023393449253298
2018-03-04,-0.16840739141972
2018-03-03,0.1815372153272
2018-03-02,-0.066192904174585
2018-03-01,0.14668509805947
2018-02-28,-0.067074887931772
2018-02-27,0.18705873630936
2018-02-26,-0.12238831601726
2018-02-25,0.149341037032
2018-02-24,-0.071988358124332
2018-02-23,0.050019717849187
2018-02-22,-0.16865791423976
2018-02-21,0.064709310269483
2018-02-20,-0.073483854791578
2018-02-19,0.060989226823299
2018-02-18,0.045145660928363
2018-02-17,0.021342544329158
2018-02-16,0.20560313342693
2018-02-15,-0.20361323992998
2018-02-14,0.1705762999444
2018-02-13,-0.036389020888135
2018-02-12,0.13261075682689
2018-02-11,0.07187928397919
2018-02-10,0.031956918628211
2018-02-09,0.041964663211282
2018-02-08,-0.045268659667411
2018-02-07,-0.13166853608361
2018-02-06,-0.11294390898506
2018-02-05,0.0054637114985579
2018-02-04,0.026897374347432
2018-02-03,-0.087861391927281
2018-02-02,0.052800612927212
2018-02-01,0.22023118050748
2018-01-31,-0.35275192326487
2018-01-30,0.13034149065961
2018-01-29,-0.1032007482367
2018-01-28,0.0085376693736606
2018-01-27,0.055500760349917
2018-01-26,-0.049176865268041
2018-01-25,-0.12444178545363
2018-01-24,0.0057761013733939
2018-01-23,0.10795419759156
2018-01-22,-0.23316520720596
2018-01-21,-0.042876920350333
2018-01-20,0.17942994906707
2018-01-19,-0.13738420517889
2018-01-18,0.09623941434868
2018-01-17,0.065673276735656
2018-01-16,-0.15174986826169
2018-01-15,0.014233723032802
2018-01-14,-0.030594781577615
2018-01-13,-0.13330317226661
2018-01-12,-0.034003332142958
2018-01-11,-0.022689074106141
2018-01-10,-0.050106019346454
2018-01-09,0.053214491358918
2018-01-08,-0.063355262512542
2018-01-07,-0.058782082618323
2018-01-06,0.12013080650618
2018-01-05,-0.022522630751687
2018-01-04,0.03632780233821
2018-01-03,0.011927090992813
2018-01-02,0.25418800737695
2018-01-01,-0.070946779328764
2017-12-31,0.034580116104678
2017-12-30,-0.17001666080058
2017-12-29,0.07206570308187
2017-12-28,-0.089653102759207
2017-12-27,0.06778134599854
2017-12-26,0.14942041028129
2017-12-25,-0.10089640013998
2017-12-24,-0.10036887113425
2017-12-23,-0.145794673182
2017-12-22,0.12446571945004
2017-12-21,0.067817935823395
2017-12-20,-0.077820126613902
2017-12-19,-0.15915231781638
2017-12-18,-0.011118145398858
2017-12-17,0.067777641884817
2017-12-16,0.065589465241692
2017-12-15,-0.020142280630222
2017-12-14,-0.054781167650629
2017-12-13,0.21531605816001
2017-12-12,-0.023159132325694
2017-12-11,0.11534181071298
2017-12-10,-0.052548423889629
2017-12-09,-0.0013950545054681
2017-12-08,0.17614805713594
2017-12-07,0.0075026634129247
2017-12-06,0.21084951610962
2017-12-05,-0.028049756080035
2017-12-04,0.10793831608582
2017-12-03,0.1149336023154
2017-12-02,-0.095457138972882
2017-12-01,0.12473761201158
2017-11-30,-0.013788079879277
2017-11-29,0.075013479506318
2017-11-28,-0.020103108092233
2017-11-27,0.17326043534077
2017-11-26,0.039764071448192
2017-11-25,0.085390920912102
2017-11-24,-0.047219454203996
2017-11-23,0.0033946195342454
2017-11-22,-0.090779206528984
2017-11-21,-0.041792456097247
2017-11-20,0.12492849994089
2017-11-19,0.18780159598147
2017-11-18,-0.19664067293916
2017-11-17,0.039717791760391
2017-11-16,0.013294686710651
2017-11-15,0.24079200069807
2017-11-14,-0.11784465548512
2017-11-13,0.8437357268559
2017-11-12,0.082003874596606
2017-11-11,-0.36086564366055
2017-11-10,-0.19141563524605
2017-11-09,0.043371225452608
2017-11-08,-0.053245881741836
2017-11-07,0.23937362666257
2017-11-06,-0.079635233893978
2017-11-05,-0.0195078072293
2017-11-04,0.16066163044568
2017-11-03,-0.16678210533309
2017-11-02,-0.018331080792952
2017-11-01,0.23952154117828
2017-10-31,-0.022616687484011
2017-10-30,-0.057584409817145
2017-10-29,0.90596107705501
2017-10-28,-0.15603536913948
2017-10-27,-0.42505534221551
2017-10-26,0.053648415840667
2017-10-25,0.10758059157346
2017-10-24,-0.10997690506969
2017-10-23,-0.031188797712455
2017-10-22,0.17201045720158
2017-10-21,-0.13318158145367
2017-10-20,0.03882049618048
2017-10-19,0.20367680716897
2017-10-18,-0.14780244314312
2017-10-17,-0.0013532901912292
2017-10-16,-0.08208433020756
2017-10-15,0.2351269127563
2017-10-14,0.084868089650511
2017-10-13,-0.013383014242292
2017-10-12,0.17249810459666
2017-10-11,-0.083657668420088
2017-10-10,0.0025790677274404
2017-10-09,-0.090917912796594
2017-10-08,0.24974800435868
2017-10-07,-0.018619683711445
2017-10-06,0.1839760723127
2017-10-05,0.017003401412252
2017-10-04,-0.26622745102094
2017-10-03,0.120804410076
2017-10-02,0.22693308023014
2017-10-01,-0.041779215324909
2017-09-30,-0.16793642503672
2017-09-29,-0.02989019869818
2017-09-28,0.18608142774062
2017-09-27,0.078659684242873
2017-09-26,0.14171768297656
2017-09-25,-0.042915614804153
2017-09-24,-0.16775832551916
2017-09-23,0.25597898030526
2017-09-22,-0.21323697773518
2017-09-21,0.30370052289528
2017-09-20,-0.21441888594214
2017-09-19,0.16251262191634
2017-09-18,-0.17333951868204
2017-09-17,0.031713022397032
2017-09-16,-0.0080792502973985
2017-09-15,-0.068387614591894
2017-09-14,-0.081730000004335
